{
    "loop": true,
    "path": [
        {
            "R": [
                0.8802563548088074,
                0.005861363839358091,
                -0.4743376672267914,
                0.010877279564738274
            ],
            "T": [
                2.040705919265747,
                0.5348918437957764,
                1.4599008560180664
            ],
            "aperture_size": 0.0,
            "fov": 50.625,
            "glow_mode": 0,
            "glow_y_cutoff": 0.0,
            "scale": 1.8149999380111694,
            "slice": 0.0
        },
        {
            "R": [
                0.786981999874115,
                0.003930252976715565,
                -0.6168522834777832,
                0.011714260093867779
            ],
            "T": [
                1.9825718402862549,
                0.5809755921363831,
                0.7397317290306091
            ],
            "aperture_size": 0.0,
            "fov": 50.625,
            "glow_mode": 0,
            "glow_y_cutoff": 0.0,
            "scale": 1.99649977684021,
            "slice": 0.0
        },
        {
            "R": [
                -0.6562798023223877,
                -0.038696303963661194,
                0.7505629062652588,
                -0.06674399226903915
            ],
            "T": [
                3.056685209274292,
                1.1078237295150757,
                0.027246741577982903
            ],
            "aperture_size": 0.0,
            "fov": 50.625,
            "glow_mode": 0,
            "glow_y_cutoff": 0.0,
            "scale": 4.279674530029297,
            "slice": -0.05211406201124191
        },
        {
            "R": [
                -0.326907753944397,
                -0.20506037771701813,
                0.9222316145896912,
                -0.02388349361717701
            ],
            "T": [
                1.6247931718826294,
                1.1178377866744995,
                -0.8955279588699341
            ],
            "aperture_size": 0.0,
            "fov": 50.625,
            "glow_mode": 0,
            "glow_y_cutoff": 0.0,
            "scale": 4.279674530029297,
            "slice": -0.11799411475658417
        }
    ],
    "time": 1.0
}